cohort_month,0,1,2,3,4,5,6,7,8,9,10,11,12,13,14,15,16,17,19,20
2017-01-01,100.0,0.4,0.27,0.13,0.4,0.13,0.4,0.13,0.13,,0.4,0.13,0.66,0.4,0.13,0.13,0.27,0.4,,
2017-02-01,100.0,0.24,0.3,0.12,0.41,0.12,0.24,0.18,0.12,0.18,0.12,0.3,0.12,0.18,0.12,0.06,0.06,0.24,,
2017-03-01,100.0,0.51,0.35,0.39,0.35,0.16,0.16,0.31,0.35,0.08,0.39,0.12,0.23,0.12,0.16,0.23,0.08,0.12,,
2017-04-01,100.0,0.6,0.22,0.17,0.3,0.26,0.34,0.3,0.3,0.17,0.26,0.09,0.09,0.04,0.09,0.09,0.13,,,
2017-05-01,100.0,0.48,0.48,0.4,0.31,0.34,0.42,0.14,0.25,0.25,0.25,0.34,0.25,0.03,0.2,0.17,,,,
2017-06-01,100.0,0.45,0.35,0.39,0.26,0.39,0.35,0.23,0.13,0.23,0.32,0.32,0.16,0.13,0.19,,,,,
2017-07-01,100.0,0.52,0.34,0.24,0.29,0.21,0.31,0.1,0.18,0.26,0.21,0.29,0.13,0.18,,,,,,
2017-08-01,100.0,0.68,0.34,0.27,0.36,0.53,0.29,0.27,0.15,0.15,0.24,0.19,0.12,,,,,,,
2017-09-01,100.0,0.69,0.54,0.29,0.44,0.22,0.22,0.25,0.29,0.17,0.27,0.07,,,,,,,,
2017-10-01,100.0,0.71,0.25,0.09,0.23,0.2,0.2,0.36,0.27,0.2,0.18,,,,,,,,,
2017-11-01,100.0,0.56,0.39,0.17,0.19,0.18,0.11,0.19,0.13,0.06,,,,,,,,,,
2017-12-01,100.0,0.22,0.28,0.35,0.26,0.2,0.17,0.02,0.17,,,,,,,,,,,
2018-01-01,100.0,0.33,0.36,0.29,0.29,0.16,0.17,0.19,,,,,,,,,,,,
2018-02-01,100.0,0.36,0.39,0.3,0.27,0.22,0.17,,,,,,,,,,,,,
2018-03-01,100.0,0.4,0.3,0.29,0.13,0.06,,,,,,,,,,,,,,
2018-04-01,100.0,0.58,0.31,0.24,0.09,,,,,,,,,,,,,,,
2018-05-01,100.0,0.52,0.26,0.2,,,,,,,,,,,,,,,,
2018-06-01,100.0,0.42,0.22,,,,,,,,,,,,,,,,,
2018-07-01,100.0,0.43,,,,,,,,,,,,,,,,,,
2018-08-01,100.0,,,,,,,,,,,,,,,,,,,
