business_segment,won,activated,median_days_to_close,seller_revenue,activation_pct
home_decor,105,43,13.0,41840.19,41.0
health_beauty,93,45,12.0,87150.1,48.4
car_accessories,77,29,14.0,29595.34,37.7
household_utilities,71,44,12.0,49851.93,62.0
construction_tools_house_garden,69,30,11.0,30528.84,43.5
audio_video_electronics,64,30,22.0,49234.81,46.9
computers,34,12,13.0,11604.79,35.3
pet,30,17,14.5,36408.99,56.7
food_supplement,28,8,19.5,10555.949999999999,28.6
food_drink,26,9,16.0,3731.52,34.6
sports_leisure,25,13,8.0,14391.84,52.0
bags_backpacks,22,14,9.0,13706.92,63.6
bed_bath_table,22,10,19.5,14572.630000000001,45.5
toys,20,10,8.0,5396.17,50.0
fashion_accessories,19,6,10.0,7706.18,31.6
