week,forecast,lower_80,upper_80
2018-08-20,304673.0,238561.0,404854.0
2018-08-27,304673.0,238561.0,404854.0
2018-09-03,304673.0,238561.0,404854.0
2018-09-10,304673.0,238561.0,404854.0
2018-09-17,304673.0,230758.0,416679.0
2018-09-24,304673.0,223703.0,427369.0
2018-10-01,304673.0,217216.0,437200.0
2018-10-08,304673.0,211177.0,446350.0
2018-10-15,304673.0,205506.0,454945.0
2018-10-22,304673.0,200142.0,463073.0
2018-10-29,304673.0,195040.0,470805.0
2018-11-05,304673.0,190165.0,478192.0
2018-11-12,304673.0,185489.0,485277.0
2018-11-19,304673.0,180990.0,492095.0
2018-11-26,304673.0,176649.0,498673.0
