cohort_month,0,1,2,3,4,5,6,7,8,9,10,11,12,13,14,15,16,17,18,19,20,21,22,23
2016-10-01,100.0,,,54.2,65.6,58.8,55.0,58.0,51.1,52.7,51.1,48.1,48.1,48.9,48.1,45.8,43.5,40.5,37.4,32.8,32.8,32.8,32.8,
2017-01-01,100.0,70.6,69.3,59.5,64.1,58.2,49.7,56.2,51.0,52.9,50.3,41.2,45.8,41.8,45.1,43.1,35.9,35.9,32.7,34.0,,,,
2017-02-01,100.0,60.0,53.9,54.3,44.3,48.7,48.3,42.6,41.3,40.9,42.6,36.5,36.1,36.1,38.7,30.4,31.3,28.7,23.5,,,,,
2017-03-01,100.0,58.9,55.4,50.6,47.0,48.8,44.6,41.7,49.4,37.5,40.5,33.3,34.5,31.0,29.8,30.4,25.6,25.6,,,,,,
2017-04-01,100.0,54.3,45.7,50.0,48.3,44.0,37.1,45.7,37.9,37.9,31.0,33.6,30.2,28.4,24.1,27.6,20.7,,,,,,,
2017-05-01,100.0,51.2,50.4,52.1,47.9,43.8,44.6,38.0,40.5,41.3,36.4,32.2,28.1,23.1,27.3,18.2,,,,,,,,
2017-06-01,100.0,41.3,40.0,48.0,32.0,37.3,37.3,33.3,26.7,29.3,28.0,24.0,21.3,22.7,17.3,,,,,,,,,
2017-07-01,100.0,67.8,61.7,60.9,67.8,60.9,56.5,52.2,52.2,52.2,50.4,49.6,44.3,47.0,,,,,,,,,,
2017-08-01,100.0,55.6,46.8,55.6,43.7,45.2,48.4,43.7,41.3,38.9,38.1,32.5,31.7,,,,,,,,,,,
2017-09-01,100.0,53.6,54.4,47.2,50.4,40.0,45.6,41.6,41.6,34.4,31.2,32.0,,,,,,,,,,,,
2017-10-01,100.0,66.7,55.8,57.1,46.3,49.0,48.3,45.6,38.1,42.2,32.7,,,,,,,,,,,,,
2017-11-01,100.0,51.6,54.7,43.2,45.8,41.7,37.0,37.0,40.1,31.8,,,,,,,,,,,,,,
2017-12-01,100.0,59.1,53.4,53.4,46.6,43.2,37.5,36.4,34.1,,,,,,,,,,,,,,,
2018-01-01,100.0,57.4,50.4,56.7,44.7,46.1,39.7,33.3,,,,,,,,,,,,,,,,
2018-02-01,100.0,54.3,53.4,47.4,43.1,49.1,35.3,,,,,,,,,,,,,,,,,
2018-03-01,100.0,60.4,54.1,53.2,45.0,42.3,,,,,,,,,,,,,,,,,,
2018-04-01,100.0,60.8,52.8,52.8,43.2,,,,,,,,,,,,,,,,,,,
2018-05-01,100.0,57.4,57.4,54.4,,,,,,,,,,,,,,,,,,,,
2018-06-01,100.0,56.3,55.8,,,,,,,,,,,,,,,,,,,,,
2018-07-01,100.0,50.0,,,,,,,,,,,,,,,,,,,,,,
2018-08-01,100.0,,,,,,,,,,,,,,,,,,,,,,,
